{
    "configurations": [
        {
            "name": "MinGW",
            "intelliSenseMode": "clang-x64",
            "compilerPath": "C:/Program Files (x86)/Dev-Cpp/MinGW32/bin/gcc.exe",
            "includePath": [
                "${workspaceFolder}"
            ],
            "defines": [],
            "browse": {
                "path": [
                    "${workspaceFolder}"
                ],
                "limitSymbolsToIncludedHeaders": true,
                "databaseFilename": ""
            },
            "cStandard": "c11",
            "cppStandard": "c++17"
        }
    ],
    "version": 4
}